,Project Duration,Indirect Cost,Crash Cost,Total Cost,Crashed Durations
0,93,93000,100.0,93100.0,"{'A1': 3, 'A2': 4, 'A3': 2, 'A4': 3, 'A5': 4, 'A6': 2, 'A7': 3, 'A8': 4, 'A9': 2, 'A10': 3, 'A11': 5, 'A12': 5, 'A13': 4, 'A14': 5, 'A15': 6, 'A16': 3, 'A17': 4, 'A18': 5, 'A19': 6, 'A20': 3, 'A21': 5, 'A22': 6, 'A23': 7, 'A24': 8, 'A25': 4, 'A26': 5, 'A27': 6, 'A28': 5, 'A29': 8, 'A30': 4, 'A31': 5, 'A32': 6, 'A33': 7, 'A34': 5, 'A35': 4, 'A36': 2, 'A37': 3, 'A38': 2, 'A39': 2, 'A40': 3, 'A41': 4, 'A42': 2, 'A43': 2, 'A44': 4, 'A45': 2, 'A46': 5, 'A47': 2, 'A48': 3, 'A49': 4, 'A50': 5}"
1,92,92000,200.0,92200.0,"{'A1': 3, 'A2': 4, 'A3': 2, 'A4': 3, 'A5': 4, 'A6': 2, 'A7': 3, 'A8': 4, 'A9': 2, 'A10': 3, 'A11': 4, 'A12': 5, 'A13': 4, 'A14': 5, 'A15': 6, 'A16': 3, 'A17': 4, 'A18': 5, 'A19': 6, 'A20': 3, 'A21': 5, 'A22': 6, 'A23': 7, 'A24': 8, 'A25': 4, 'A26': 5, 'A27': 6, 'A28': 5, 'A29': 8, 'A30': 4, 'A31': 5, 'A32': 6, 'A33': 7, 'A34': 5, 'A35': 4, 'A36': 2, 'A37': 3, 'A38': 2, 'A39': 2, 'A40': 3, 'A41': 4, 'A42': 2, 'A43': 2, 'A44': 4, 'A45': 2, 'A46': 5, 'A47': 2, 'A48': 3, 'A49': 4, 'A50': 5}"
2,91,91000,400.0,91400.0,"{'A1': 3, 'A2': 4, 'A3': 1, 'A4': 3, 'A5': 4, 'A6': 2, 'A7': 3, 'A8': 4, 'A9': 2, 'A10': 3, 'A11': 4, 'A12': 5, 'A13': 4, 'A14': 5, 'A15': 6, 'A16': 3, 'A17': 4, 'A18': 5, 'A19': 6, 'A20': 3, 'A21': 5, 'A22': 6, 'A23': 7, 'A24': 8, 'A25': 4, 'A26': 5, 'A27': 6, 'A28': 5, 'A29': 8, 'A30': 4, 'A31': 5, 'A32': 6, 'A33': 7, 'A34': 5, 'A35': 4, 'A36': 2, 'A37': 3, 'A38': 2, 'A39': 2, 'A40': 3, 'A41': 4, 'A42': 2, 'A43': 2, 'A44': 4, 'A45': 2, 'A46': 5, 'A47': 2, 'A48': 3, 'A49': 4, 'A50': 5}"
3,91,91000,600.0,91600.0,"{'A1': 3, 'A2': 4, 'A3': 1, 'A4': 3, 'A5': 4, 'A6': 1, 'A7': 3, 'A8': 4, 'A9': 2, 'A10': 3, 'A11': 4, 'A12': 5, 'A13': 4, 'A14': 5, 'A15': 6, 'A16': 3, 'A17': 4, 'A18': 5, 'A19': 6, 'A20': 3, 'A21': 5, 'A22': 6, 'A23': 7, 'A24': 8, 'A25': 4, 'A26': 5, 'A27': 6, 'A28': 5, 'A29': 8, 'A30': 4, 'A31': 5, 'A32': 6, 'A33': 7, 'A34': 5, 'A35': 4, 'A36': 2, 'A37': 3, 'A38': 2, 'A39': 2, 'A40': 3, 'A41': 4, 'A42': 2, 'A43': 2, 'A44': 4, 'A45': 2, 'A46': 5, 'A47': 2, 'A48': 3, 'A49': 4, 'A50': 5}"
4,90,90000,800.0,90800.0,"{'A1': 3, 'A2': 4, 'A3': 1, 'A4': 3, 'A5': 4, 'A6': 1, 'A7': 3, 'A8': 4, 'A9': 1, 'A10': 3, 'A11': 4, 'A12': 5, 'A13': 4, 'A14': 5, 'A15': 6, 'A16': 3, 'A17': 4, 'A18': 5, 'A19': 6, 'A20': 3, 'A21': 5, 'A22': 6, 'A23': 7, 'A24': 8, 'A25': 4, 'A26': 5, 'A27': 6, 'A28': 5, 'A29': 8, 'A30': 4, 'A31': 5, 'A32': 6, 'A33': 7, 'A34': 5, 'A35': 4, 'A36': 2, 'A37': 3, 'A38': 2, 'A39': 2, 'A40': 3, 'A41': 4, 'A42': 2, 'A43': 2, 'A44': 4, 'A45': 2, 'A46': 5, 'A47': 2, 'A48': 3, 'A49': 4, 'A50': 5}"
5,89,89000,1000.0,90000.0,"{'A1': 3, 'A2': 4, 'A3': 1, 'A4': 3, 'A5': 4, 'A6': 1, 'A7': 3, 'A8': 4, 'A9': 1, 'A10': 3, 'A11': 4, 'A12': 4, 'A13': 4, 'A14': 5, 'A15': 6, 'A16': 3, 'A17': 4, 'A18': 5, 'A19': 6, 'A20': 3, 'A21': 5, 'A22': 6, 'A23': 7, 'A24': 8, 'A25': 4, 'A26': 5, 'A27': 6, 'A28': 5, 'A29': 8, 'A30': 4, 'A31': 5, 'A32': 6, 'A33': 7, 'A34': 5, 'A35': 4, 'A36': 2, 'A37': 3, 'A38': 2, 'A39': 2, 'A40': 3, 'A41': 4, 'A42': 2, 'A43': 2, 'A44': 4, 'A45': 2, 'A46': 5, 'A47': 2, 'A48': 3, 'A49': 4, 'A50': 5}"
6,88,88000,1200.0,89200.0,"{'A1': 3, 'A2': 4, 'A3': 1, 'A4': 3, 'A5': 4, 'A6': 1, 'A7': 3, 'A8': 4, 'A9': 1, 'A10': 3, 'A11': 4, 'A12': 4, 'A13': 3, 'A14': 5, 'A15': 6, 'A16': 3, 'A17': 4, 'A18': 5, 'A19': 6, 'A20': 3, 'A21': 5, 'A22': 6, 'A23': 7, 'A24': 8, 'A25': 4, 'A26': 5, 'A27': 6, 'A28': 5, 'A29': 8, 'A30': 4, 'A31': 5, 'A32': 6, 'A33': 7, 'A34': 5, 'A35': 4, 'A36': 2, 'A37': 3, 'A38': 2, 'A39': 2, 'A40': 3, 'A41': 4, 'A42': 2, 'A43': 2, 'A44': 4, 'A45': 2, 'A46': 5, 'A47': 2, 'A48': 3, 'A49': 4, 'A50': 5}"
7,88,88000,1450.0,89450.0,"{'A1': 3, 'A2': 4, 'A3': 1, 'A4': 3, 'A5': 4, 'A6': 1, 'A7': 3, 'A8': 4, 'A9': 1, 'A10': 3, 'A11': 4, 'A12': 4, 'A13': 3, 'A14': 5, 'A15': 6, 'A16': 3, 'A17': 4, 'A18': 5, 'A19': 6, 'A20': 3, 'A21': 5, 'A22': 6, 'A23': 6, 'A24': 8, 'A25': 4, 'A26': 5, 'A27': 6, 'A28': 5, 'A29': 8, 'A30': 4, 'A31': 5, 'A32': 6, 'A33': 7, 'A34': 5, 'A35': 4, 'A36': 2, 'A37': 3, 'A38': 2, 'A39': 2, 'A40': 3, 'A41': 4, 'A42': 2, 'A43': 2, 'A44': 4, 'A45': 2, 'A46': 5, 'A47': 2, 'A48': 3, 'A49': 4, 'A50': 5}"
8,88,88000,1700.0,89700.0,"{'A1': 3, 'A2': 4, 'A3': 1, 'A4': 3, 'A5': 4, 'A6': 1, 'A7': 3, 'A8': 4, 'A9': 1, 'A10': 3, 'A11': 4, 'A12': 4, 'A13': 3, 'A14': 5, 'A15': 6, 'A16': 3, 'A17': 4, 'A18': 5, 'A19': 6, 'A20': 3, 'A21': 5, 'A22': 6, 'A23': 5, 'A24': 8, 'A25': 4, 'A26': 5, 'A27': 6, 'A28': 5, 'A29': 8, 'A30': 4, 'A31': 5, 'A32': 6, 'A33': 7, 'A34': 5, 'A35': 4, 'A36': 2, 'A37': 3, 'A38': 2, 'A39': 2, 'A40': 3, 'A41': 4, 'A42': 2, 'A43': 2, 'A44': 4, 'A45': 2, 'A46': 5, 'A47': 2, 'A48': 3, 'A49': 4, 'A50': 5}"
9,87,87000,1950.0,88950.0,"{'A1': 3, 'A2': 4, 'A3': 1, 'A4': 3, 'A5': 4, 'A6': 1, 'A7': 3, 'A8': 4, 'A9': 1, 'A10': 3, 'A11': 4, 'A12': 4, 'A13': 3, 'A14': 5, 'A15': 6, 'A16': 3, 'A17': 4, 'A18': 5, 'A19': 6, 'A20': 3, 'A21': 5, 'A22': 6, 'A23': 5, 'A24': 7, 'A25': 4, 'A26': 5, 'A27': 6, 'A28': 5, 'A29': 8, 'A30': 4, 'A31': 5, 'A32': 6, 'A33': 7, 'A34': 5, 'A35': 4, 'A36': 2, 'A37': 3, 'A38': 2, 'A39': 2, 'A40': 3, 'A41': 4, 'A42': 2, 'A43': 2, 'A44': 4, 'A45': 2, 'A46': 5, 'A47': 2, 'A48': 3, 'A49': 4, 'A50': 5}"
10,86,86000,2200.0,88200.0,"{'A1': 3, 'A2': 4, 'A3': 1, 'A4': 3, 'A5': 4, 'A6': 1, 'A7': 3, 'A8': 4, 'A9': 1, 'A10': 3, 'A11': 4, 'A12': 4, 'A13': 3, 'A14': 5, 'A15': 6, 'A16': 3, 'A17': 4, 'A18': 5, 'A19': 6, 'A20': 3, 'A21': 5, 'A22': 6, 'A23': 5, 'A24': 6, 'A25': 4, 'A26': 5, 'A27': 6, 'A28': 5, 'A29': 8, 'A30': 4, 'A31': 5, 'A32': 6, 'A33': 7, 'A34': 5, 'A35': 4, 'A36': 2, 'A37': 3, 'A38': 2, 'A39': 2, 'A40': 3, 'A41': 4, 'A42': 2, 'A43': 2, 'A44': 4, 'A45': 2, 'A46': 5, 'A47': 2, 'A48': 3, 'A49': 4, 'A50': 5}"
11,85,85000,2500.0,87500.0,"{'A1': 2, 'A2': 4, 'A3': 1, 'A4': 3, 'A5': 4, 'A6': 1, 'A7': 3, 'A8': 4, 'A9': 1, 'A10': 3, 'A11': 4, 'A12': 4, 'A13': 3, 'A14': 5, 'A15': 6, 'A16': 3, 'A17': 4, 'A18': 5, 'A19': 6, 'A20': 3, 'A21': 5, 'A22': 6, 'A23': 5, 'A24': 6, 'A25': 4, 'A26': 5, 'A27': 6, 'A28': 5, 'A29': 8, 'A30': 4, 'A31': 5, 'A32': 6, 'A33': 7, 'A34': 5, 'A35': 4, 'A36': 2, 'A37': 3, 'A38': 2, 'A39': 2, 'A40': 3, 'A41': 4, 'A42': 2, 'A43': 2, 'A44': 4, 'A45': 2, 'A46': 5, 'A47': 2, 'A48': 3, 'A49': 4, 'A50': 5}"
12,84,84000,2800.0,86800.0,"{'A1': 2, 'A2': 3, 'A3': 1, 'A4': 3, 'A5': 4, 'A6': 1, 'A7': 3, 'A8': 4, 'A9': 1, 'A10': 3, 'A11': 4, 'A12': 4, 'A13': 3, 'A14': 5, 'A15': 6, 'A16': 3, 'A17': 4, 'A18': 5, 'A19': 6, 'A20': 3, 'A21': 5, 'A22': 6, 'A23': 5, 'A24': 6, 'A25': 4, 'A26': 5, 'A27': 6, 'A28': 5, 'A29': 8, 'A30': 4, 'A31': 5, 'A32': 6, 'A33': 7, 'A34': 5, 'A35': 4, 'A36': 2, 'A37': 3, 'A38': 2, 'A39': 2, 'A40': 3, 'A41': 4, 'A42': 2, 'A43': 2, 'A44': 4, 'A45': 2, 'A46': 5, 'A47': 2, 'A48': 3, 'A49': 4, 'A50': 5}"
13,84,84000,3100.0,87100.0,"{'A1': 2, 'A2': 3, 'A3': 1, 'A4': 2, 'A5': 4, 'A6': 1, 'A7': 3, 'A8': 4, 'A9': 1, 'A10': 3, 'A11': 4, 'A12': 4, 'A13': 3, 'A14': 5, 'A15': 6, 'A16': 3, 'A17': 4, 'A18': 5, 'A19': 6, 'A20': 3, 'A21': 5, 'A22': 6, 'A23': 5, 'A24': 6, 'A25': 4, 'A26': 5, 'A27': 6, 'A28': 5, 'A29': 8, 'A30': 4, 'A31': 5, 'A32': 6, 'A33': 7, 'A34': 5, 'A35': 4, 'A36': 2, 'A37': 3, 'A38': 2, 'A39': 2, 'A40': 3, 'A41': 4, 'A42': 2, 'A43': 2, 'A44': 4, 'A45': 2, 'A46': 5, 'A47': 2, 'A48': 3, 'A49': 4, 'A50': 5}"
14,83,83000,3400.0,86400.0,"{'A1': 2, 'A2': 3, 'A3': 1, 'A4': 2, 'A5': 4, 'A6': 1, 'A7': 3, 'A8': 3, 'A9': 1, 'A10': 3, 'A11': 4, 'A12': 4, 'A13': 3, 'A14': 5, 'A15': 6, 'A16': 3, 'A17': 4, 'A18': 5, 'A19': 6, 'A20': 3, 'A21': 5, 'A22': 6, 'A23': 5, 'A24': 6, 'A25': 4, 'A26': 5, 'A27': 6, 'A28': 5, 'A29': 8, 'A30': 4, 'A31': 5, 'A32': 6, 'A33': 7, 'A34': 5, 'A35': 4, 'A36': 2, 'A37': 3, 'A38': 2, 'A39': 2, 'A40': 3, 'A41': 4, 'A42': 2, 'A43': 2, 'A44': 4, 'A45': 2, 'A46': 5, 'A47': 2, 'A48': 3, 'A49': 4, 'A50': 5}"
15,82,82000,3700.0,85700.0,"{'A1': 2, 'A2': 3, 'A3': 1, 'A4': 2, 'A5': 4, 'A6': 1, 'A7': 3, 'A8': 3, 'A9': 1, 'A10': 3, 'A11': 4, 'A12': 4, 'A13': 3, 'A14': 4, 'A15': 6, 'A16': 3, 'A17': 4, 'A18': 5, 'A19': 6, 'A20': 3, 'A21': 5, 'A22': 6, 'A23': 5, 'A24': 6, 'A25': 4, 'A26': 5, 'A27': 6, 'A28': 5, 'A29': 8, 'A30': 4, 'A31': 5, 'A32': 6, 'A33': 7, 'A34': 5, 'A35': 4, 'A36': 2, 'A37': 3, 'A38': 2, 'A39': 2, 'A40': 3, 'A41': 4, 'A42': 2, 'A43': 2, 'A44': 4, 'A45': 2, 'A46': 5, 'A47': 2, 'A48': 3, 'A49': 4, 'A50': 5}"
16,82,82000,4000.0,86000.0,"{'A1': 2, 'A2': 3, 'A3': 1, 'A4': 2, 'A5': 4, 'A6': 1, 'A7': 3, 'A8': 3, 'A9': 1, 'A10': 3, 'A11': 4, 'A12': 4, 'A13': 3, 'A14': 4, 'A15': 6, 'A16': 2, 'A17': 4, 'A18': 5, 'A19': 6, 'A20': 3, 'A21': 5, 'A22': 6, 'A23': 5, 'A24': 6, 'A25': 4, 'A26': 5, 'A27': 6, 'A28': 5, 'A29': 8, 'A30': 4, 'A31': 5, 'A32': 6, 'A33': 7, 'A34': 5, 'A35': 4, 'A36': 2, 'A37': 3, 'A38': 2, 'A39': 2, 'A40': 3, 'A41': 4, 'A42': 2, 'A43': 2, 'A44': 4, 'A45': 2, 'A46': 5, 'A47': 2, 'A48': 3, 'A49': 4, 'A50': 5}"
17,82,82000,4300.0,86300.0,"{'A1': 2, 'A2': 3, 'A3': 1, 'A4': 2, 'A5': 4, 'A6': 1, 'A7': 3, 'A8': 3, 'A9': 1, 'A10': 3, 'A11': 4, 'A12': 4, 'A13': 3, 'A14': 4, 'A15': 6, 'A16': 2, 'A17': 4, 'A18': 4, 'A19': 6, 'A20': 3, 'A21': 5, 'A22': 6, 'A23': 5, 'A24': 6, 'A25': 4, 'A26': 5, 'A27': 6, 'A28': 5, 'A29': 8, 'A30': 4, 'A31': 5, 'A32': 6, 'A33': 7, 'A34': 5, 'A35': 4, 'A36': 2, 'A37': 3, 'A38': 2, 'A39': 2, 'A40': 3, 'A41': 4, 'A42': 2, 'A43': 2, 'A44': 4, 'A45': 2, 'A46': 5, 'A47': 2, 'A48': 3, 'A49': 4, 'A50': 5}"
18,82,82000,4600.0,86600.0,"{'A1': 2, 'A2': 3, 'A3': 1, 'A4': 2, 'A5': 4, 'A6': 1, 'A7': 3, 'A8': 3, 'A9': 1, 'A10': 3, 'A11': 4, 'A12': 4, 'A13': 3, 'A14': 4, 'A15': 6, 'A16': 2, 'A17': 4, 'A18': 4, 'A19': 6, 'A20': 3, 'A21': 5, 'A22': 6, 'A23': 5, 'A24': 6, 'A25': 3, 'A26': 5, 'A27': 6, 'A28': 5, 'A29': 8, 'A30': 4, 'A31': 5, 'A32': 6, 'A33': 7, 'A34': 5, 'A35': 4, 'A36': 2, 'A37': 3, 'A38': 2, 'A39': 2, 'A40': 3, 'A41': 4, 'A42': 2, 'A43': 2, 'A44': 4, 'A45': 2, 'A46': 5, 'A47': 2, 'A48': 3, 'A49': 4, 'A50': 5}"
19,82,82000,5000.0,87000.0,"{'A1': 2, 'A2': 3, 'A3': 1, 'A4': 2, 'A5': 3, 'A6': 1, 'A7': 3, 'A8': 3, 'A9': 1, 'A10': 3, 'A11': 4, 'A12': 4, 'A13': 3, 'A14': 4, 'A15': 6, 'A16': 2, 'A17': 4, 'A18': 4, 'A19': 6, 'A20': 3, 'A21': 5, 'A22': 6, 'A23': 5, 'A24': 6, 'A25': 3, 'A26': 5, 'A27': 6, 'A28': 5, 'A29': 8, 'A30': 4, 'A31': 5, 'A32': 6, 'A33': 7, 'A34': 5, 'A35': 4, 'A36': 2, 'A37': 3, 'A38': 2, 'A39': 2, 'A40': 3, 'A41': 4, 'A42': 2, 'A43': 2, 'A44': 4, 'A45': 2, 'A46': 5, 'A47': 2, 'A48': 3, 'A49': 4, 'A50': 5}"
20,81,81000,5400.0,86400.0,"{'A1': 2, 'A2': 3, 'A3': 1, 'A4': 2, 'A5': 3, 'A6': 1, 'A7': 3, 'A8': 3, 'A9': 1, 'A10': 3, 'A11': 4, 'A12': 4, 'A13': 3, 'A14': 4, 'A15': 5, 'A16': 2, 'A17': 4, 'A18': 4, 'A19': 6, 'A20': 3, 'A21': 5, 'A22': 6, 'A23': 5, 'A24': 6, 'A25': 3, 'A26': 5, 'A27': 6, 'A28': 5, 'A29': 8, 'A30': 4, 'A31': 5, 'A32': 6, 'A33': 7, 'A34': 5, 'A35': 4, 'A36': 2, 'A37': 3, 'A38': 2, 'A39': 2, 'A40': 3, 'A41': 4, 'A42': 2, 'A43': 2, 'A44': 4, 'A45': 2, 'A46': 5, 'A47': 2, 'A48': 3, 'A49': 4, 'A50': 5}"
21,81,81000,5800.0,86800.0,"{'A1': 2, 'A2': 3, 'A3': 1, 'A4': 2, 'A5': 3, 'A6': 1, 'A7': 3, 'A8': 3, 'A9': 1, 'A10': 3, 'A11': 4, 'A12': 4, 'A13': 3, 'A14': 4, 'A15': 5, 'A16': 2, 'A17': 4, 'A18': 4, 'A19': 5, 'A20': 3, 'A21': 5, 'A22': 6, 'A23': 5, 'A24': 6, 'A25': 3, 'A26': 5, 'A27': 6, 'A28': 5, 'A29': 8, 'A30': 4, 'A31': 5, 'A32': 6, 'A33': 7, 'A34': 5, 'A35': 4, 'A36': 2, 'A37': 3, 'A38': 2, 'A39': 2, 'A40': 3, 'A41': 4, 'A42': 2, 'A43': 2, 'A44': 4, 'A45': 2, 'A46': 5, 'A47': 2, 'A48': 3, 'A49': 4, 'A50': 5}"
22,81,81000,6200.0,87200.0,"{'A1': 2, 'A2': 3, 'A3': 1, 'A4': 2, 'A5': 3, 'A6': 1, 'A7': 3, 'A8': 3, 'A9': 1, 'A10': 3, 'A11': 4, 'A12': 4, 'A13': 3, 'A14': 4, 'A15': 5, 'A16': 2, 'A17': 4, 'A18': 4, 'A19': 5, 'A20': 3, 'A21': 4, 'A22': 6, 'A23': 5, 'A24': 6, 'A25': 3, 'A26': 5, 'A27': 6, 'A28': 5, 'A29': 8, 'A30': 4, 'A31': 5, 'A32': 6, 'A33': 7, 'A34': 5, 'A35': 4, 'A36': 2, 'A37': 3, 'A38': 2, 'A39': 2, 'A40': 3, 'A41': 4, 'A42': 2, 'A43': 2, 'A44': 4, 'A45': 2, 'A46': 5, 'A47': 2, 'A48': 3, 'A49': 4, 'A50': 5}"
23,81,81000,6600.0,87600.0,"{'A1': 2, 'A2': 3, 'A3': 1, 'A4': 2, 'A5': 3, 'A6': 1, 'A7': 3, 'A8': 3, 'A9': 1, 'A10': 3, 'A11': 4, 'A12': 4, 'A13': 3, 'A14': 4, 'A15': 5, 'A16': 2, 'A17': 4, 'A18': 4, 'A19': 5, 'A20': 3, 'A21': 4, 'A22': 6, 'A23': 5, 'A24': 6, 'A25': 3, 'A26': 4, 'A27': 6, 'A28': 5, 'A29': 8, 'A30': 4, 'A31': 5, 'A32': 6, 'A33': 7, 'A34': 5, 'A35': 4, 'A36': 2, 'A37': 3, 'A38': 2, 'A39': 2, 'A40': 3, 'A41': 4, 'A42': 2, 'A43': 2, 'A44': 4, 'A45': 2, 'A46': 5, 'A47': 2, 'A48': 3, 'A49': 4, 'A50': 5}"
24,81,81000,7000.0,88000.0,"{'A1': 2, 'A2': 3, 'A3': 1, 'A4': 2, 'A5': 3, 'A6': 1, 'A7': 3, 'A8': 3, 'A9': 1, 'A10': 3, 'A11': 4, 'A12': 4, 'A13': 3, 'A14': 4, 'A15': 5, 'A16': 2, 'A17': 4, 'A18': 4, 'A19': 5, 'A20': 3, 'A21': 4, 'A22': 6, 'A23': 5, 'A24': 6, 'A25': 3, 'A26': 4, 'A27': 5, 'A28': 5, 'A29': 8, 'A30': 4, 'A31': 5, 'A32': 6, 'A33': 7, 'A34': 5, 'A35': 4, 'A36': 2, 'A37': 3, 'A38': 2, 'A39': 2, 'A40': 3, 'A41': 4, 'A42': 2, 'A43': 2, 'A44': 4, 'A45': 2, 'A46': 5, 'A47': 2, 'A48': 3, 'A49': 4, 'A50': 5}"
25,81,81000,7400.0,88400.0,"{'A1': 2, 'A2': 3, 'A3': 1, 'A4': 2, 'A5': 3, 'A6': 1, 'A7': 3, 'A8': 3, 'A9': 1, 'A10': 3, 'A11': 4, 'A12': 4, 'A13': 3, 'A14': 4, 'A15': 5, 'A16': 2, 'A17': 4, 'A18': 4, 'A19': 5, 'A20': 3, 'A21': 4, 'A22': 6, 'A23': 5, 'A24': 6, 'A25': 3, 'A26': 4, 'A27': 5, 'A28': 5, 'A29': 8, 'A30': 4, 'A31': 5, 'A32': 6, 'A33': 7, 'A34': 4, 'A35': 4, 'A36': 2, 'A37': 3, 'A38': 2, 'A39': 2, 'A40': 3, 'A41': 4, 'A42': 2, 'A43': 2, 'A44': 4, 'A45': 2, 'A46': 5, 'A47': 2, 'A48': 3, 'A49': 4, 'A50': 5}"
26,81,81000,7800.0,88800.0,"{'A1': 2, 'A2': 3, 'A3': 1, 'A4': 2, 'A5': 3, 'A6': 1, 'A7': 3, 'A8': 3, 'A9': 1, 'A10': 3, 'A11': 4, 'A12': 4, 'A13': 3, 'A14': 4, 'A15': 5, 'A16': 2, 'A17': 4, 'A18': 4, 'A19': 5, 'A20': 3, 'A21': 4, 'A22': 6, 'A23': 5, 'A24': 6, 'A25': 3, 'A26': 4, 'A27': 5, 'A28': 5, 'A29': 8, 'A30': 4, 'A31': 5, 'A32': 6, 'A33': 7, 'A34': 4, 'A35': 3, 'A36': 2, 'A37': 3, 'A38': 2, 'A39': 2, 'A40': 3, 'A41': 4, 'A42': 2, 'A43': 2, 'A44': 4, 'A45': 2, 'A46': 5, 'A47': 2, 'A48': 3, 'A49': 4, 'A50': 5}"
27,80,80000,8200.0,88200.0,"{'A1': 2, 'A2': 3, 'A3': 1, 'A4': 2, 'A5': 3, 'A6': 1, 'A7': 3, 'A8': 3, 'A9': 1, 'A10': 3, 'A11': 4, 'A12': 4, 'A13': 3, 'A14': 4, 'A15': 5, 'A16': 2, 'A17': 4, 'A18': 4, 'A19': 5, 'A20': 3, 'A21': 4, 'A22': 6, 'A23': 5, 'A24': 6, 'A25': 3, 'A26': 4, 'A27': 5, 'A28': 5, 'A29': 8, 'A30': 4, 'A31': 5, 'A32': 6, 'A33': 7, 'A34': 4, 'A35': 3, 'A36': 2, 'A37': 2, 'A38': 2, 'A39': 2, 'A40': 3, 'A41': 4, 'A42': 2, 'A43': 2, 'A44': 4, 'A45': 2, 'A46': 5, 'A47': 2, 'A48': 3, 'A49': 4, 'A50': 5}"
28,80,80000,8600.0,88600.0,"{'A1': 2, 'A2': 3, 'A3': 1, 'A4': 2, 'A5': 3, 'A6': 1, 'A7': 3, 'A8': 3, 'A9': 1, 'A10': 3, 'A11': 4, 'A12': 4, 'A13': 3, 'A14': 4, 'A15': 5, 'A16': 2, 'A17': 4, 'A18': 4, 'A19': 5, 'A20': 3, 'A21': 4, 'A22': 6, 'A23': 5, 'A24': 6, 'A25': 3, 'A26': 4, 'A27': 5, 'A28': 5, 'A29': 8, 'A30': 4, 'A31': 5, 'A32': 6, 'A33': 7, 'A34': 4, 'A35': 3, 'A36': 2, 'A37': 2, 'A38': 1, 'A39': 2, 'A40': 3, 'A41': 4, 'A42': 2, 'A43': 2, 'A44': 4, 'A45': 2, 'A46': 5, 'A47': 2, 'A48': 3, 'A49': 4, 'A50': 5}"
29,80,80000,9000.0,89000.0,"{'A1': 2, 'A2': 3, 'A3': 1, 'A4': 2, 'A5': 3, 'A6': 1, 'A7': 3, 'A8': 3, 'A9': 1, 'A10': 3, 'A11': 4, 'A12': 4, 'A13': 3, 'A14': 4, 'A15': 5, 'A16': 2, 'A17': 4, 'A18': 4, 'A19': 5, 'A20': 3, 'A21': 4, 'A22': 6, 'A23': 5, 'A24': 6, 'A25': 3, 'A26': 4, 'A27': 5, 'A28': 5, 'A29': 8, 'A30': 4, 'A31': 5, 'A32': 6, 'A33': 7, 'A34': 4, 'A35': 3, 'A36': 2, 'A37': 2, 'A38': 1, 'A39': 1, 'A40': 3, 'A41': 4, 'A42': 2, 'A43': 2, 'A44': 4, 'A45': 2, 'A46': 5, 'A47': 2, 'A48': 3, 'A49': 4, 'A50': 5}"
30,80,80000,9400.0,89400.0,"{'A1': 2, 'A2': 3, 'A3': 1, 'A4': 2, 'A5': 3, 'A6': 1, 'A7': 3, 'A8': 3, 'A9': 1, 'A10': 3, 'A11': 4, 'A12': 4, 'A13': 3, 'A14': 4, 'A15': 5, 'A16': 2, 'A17': 4, 'A18': 4, 'A19': 5, 'A20': 3, 'A21': 4, 'A22': 6, 'A23': 5, 'A24': 6, 'A25': 3, 'A26': 4, 'A27': 5, 'A28': 5, 'A29': 8, 'A30': 4, 'A31': 5, 'A32': 6, 'A33': 7, 'A34': 4, 'A35': 3, 'A36': 2, 'A37': 2, 'A38': 1, 'A39': 1, 'A40': 3, 'A41': 4, 'A42': 1, 'A43': 2, 'A44': 4, 'A45': 2, 'A46': 5, 'A47': 2, 'A48': 3, 'A49': 4, 'A50': 5}"
31,79,79000,9800.0,88800.0,"{'A1': 2, 'A2': 3, 'A3': 1, 'A4': 2, 'A5': 3, 'A6': 1, 'A7': 3, 'A8': 3, 'A9': 1, 'A10': 3, 'A11': 4, 'A12': 4, 'A13': 3, 'A14': 4, 'A15': 5, 'A16': 2, 'A17': 4, 'A18': 4, 'A19': 5, 'A20': 3, 'A21': 4, 'A22': 6, 'A23': 5, 'A24': 6, 'A25': 3, 'A26': 4, 'A27': 5, 'A28': 5, 'A29': 8, 'A30': 4, 'A31': 5, 'A32': 6, 'A33': 7, 'A34': 4, 'A35': 3, 'A36': 2, 'A37': 2, 'A38': 1, 'A39': 1, 'A40': 3, 'A41': 4, 'A42': 1, 'A43': 2, 'A44': 4, 'A45': 2, 'A46': 5, 'A47': 1, 'A48': 3, 'A49': 4, 'A50': 5}"
32,78,78000,10300.0,88300.0,"{'A1': 2, 'A2': 3, 'A3': 1, 'A4': 2, 'A5': 3, 'A6': 1, 'A7': 3, 'A8': 3, 'A9': 1, 'A10': 3, 'A11': 4, 'A12': 4, 'A13': 3, 'A14': 4, 'A15': 5, 'A16': 2, 'A17': 4, 'A18': 4, 'A19': 5, 'A20': 2, 'A21': 4, 'A22': 6, 'A23': 5, 'A24': 6, 'A25': 3, 'A26': 4, 'A27': 5, 'A28': 5, 'A29': 8, 'A30': 4, 'A31': 5, 'A32': 6, 'A33': 7, 'A34': 4, 'A35': 3, 'A36': 2, 'A37': 2, 'A38': 1, 'A39': 1, 'A40': 3, 'A41': 4, 'A42': 1, 'A43': 2, 'A44': 4, 'A45': 2, 'A46': 5, 'A47': 1, 'A48': 3, 'A49': 4, 'A50': 5}"
33,77,77000,10800.0,87800.0,"{'A1': 2, 'A2': 3, 'A3': 1, 'A4': 2, 'A5': 3, 'A6': 1, 'A7': 3, 'A8': 3, 'A9': 1, 'A10': 3, 'A11': 4, 'A12': 4, 'A13': 3, 'A14': 4, 'A15': 5, 'A16': 2, 'A17': 4, 'A18': 4, 'A19': 5, 'A20': 2, 'A21': 4, 'A22': 6, 'A23': 5, 'A24': 6, 'A25': 3, 'A26': 4, 'A27': 5, 'A28': 5, 'A29': 8, 'A30': 4, 'A31': 5, 'A32': 6, 'A33': 7, 'A34': 4, 'A35': 3, 'A36': 2, 'A37': 2, 'A38': 1, 'A39': 1, 'A40': 3, 'A41': 3, 'A42': 1, 'A43': 2, 'A44': 4, 'A45': 2, 'A46': 5, 'A47': 1, 'A48': 3, 'A49': 4, 'A50': 5}"
34,76,76000,11300.0,87300.0,"{'A1': 2, 'A2': 3, 'A3': 1, 'A4': 2, 'A5': 3, 'A6': 1, 'A7': 3, 'A8': 3, 'A9': 1, 'A10': 3, 'A11': 4, 'A12': 4, 'A13': 3, 'A14': 4, 'A15': 5, 'A16': 2, 'A17': 4, 'A18': 4, 'A19': 5, 'A20': 2, 'A21': 4, 'A22': 6, 'A23': 5, 'A24': 6, 'A25': 3, 'A26': 4, 'A27': 5, 'A28': 5, 'A29': 8, 'A30': 4, 'A31': 5, 'A32': 6, 'A33': 7, 'A34': 4, 'A35': 3, 'A36': 2, 'A37': 2, 'A38': 1, 'A39': 1, 'A40': 3, 'A41': 3, 'A42': 1, 'A43': 2, 'A44': 4, 'A45': 2, 'A46': 4, 'A47': 1, 'A48': 3, 'A49': 4, 'A50': 5}"
35,75,75000,11800.0,86800.0,"{'A1': 2, 'A2': 3, 'A3': 1, 'A4': 2, 'A5': 3, 'A6': 1, 'A7': 3, 'A8': 3, 'A9': 1, 'A10': 3, 'A11': 4, 'A12': 4, 'A13': 3, 'A14': 4, 'A15': 5, 'A16': 2, 'A17': 4, 'A18': 4, 'A19': 5, 'A20': 2, 'A21': 4, 'A22': 6, 'A23': 5, 'A24': 6, 'A25': 3, 'A26': 4, 'A27': 5, 'A28': 5, 'A29': 8, 'A30': 4, 'A31': 5, 'A32': 6, 'A33': 7, 'A34': 4, 'A35': 3, 'A36': 2, 'A37': 2, 'A38': 1, 'A39': 1, 'A40': 3, 'A41': 3, 'A42': 1, 'A43': 2, 'A44': 4, 'A45': 2, 'A46': 4, 'A47': 1, 'A48': 2, 'A49': 4, 'A50': 5}"
36,75,75000,12400.0,87400.0,"{'A1': 2, 'A2': 3, 'A3': 1, 'A4': 2, 'A5': 3, 'A6': 1, 'A7': 3, 'A8': 3, 'A9': 1, 'A10': 3, 'A11': 4, 'A12': 4, 'A13': 3, 'A14': 4, 'A15': 5, 'A16': 2, 'A17': 4, 'A18': 4, 'A19': 5, 'A20': 2, 'A21': 4, 'A22': 6, 'A23': 5, 'A24': 6, 'A25': 3, 'A26': 4, 'A27': 5, 'A28': 5, 'A29': 8, 'A30': 3, 'A31': 5, 'A32': 6, 'A33': 7, 'A34': 4, 'A35': 3, 'A36': 2, 'A37': 2, 'A38': 1, 'A39': 1, 'A40': 3, 'A41': 3, 'A42': 1, 'A43': 2, 'A44': 4, 'A45': 2, 'A46': 4, 'A47': 1, 'A48': 2, 'A49': 4, 'A50': 5}"
37,75,75000,13000.0,88000.0,"{'A1': 2, 'A2': 3, 'A3': 1, 'A4': 2, 'A5': 3, 'A6': 1, 'A7': 3, 'A8': 3, 'A9': 1, 'A10': 3, 'A11': 4, 'A12': 4, 'A13': 3, 'A14': 4, 'A15': 5, 'A16': 2, 'A17': 4, 'A18': 4, 'A19': 5, 'A20': 2, 'A21': 4, 'A22': 6, 'A23': 5, 'A24': 6, 'A25': 3, 'A26': 4, 'A27': 5, 'A28': 5, 'A29': 8, 'A30': 3, 'A31': 5, 'A32': 5, 'A33': 7, 'A34': 4, 'A35': 3, 'A36': 2, 'A37': 2, 'A38': 1, 'A39': 1, 'A40': 3, 'A41': 3, 'A42': 1, 'A43': 2, 'A44': 4, 'A45': 2, 'A46': 4, 'A47': 1, 'A48': 2, 'A49': 4, 'A50': 5}"
38,74,74000,13600.0,87600.0,"{'A1': 2, 'A2': 3, 'A3': 1, 'A4': 2, 'A5': 3, 'A6': 1, 'A7': 3, 'A8': 3, 'A9': 1, 'A10': 3, 'A11': 4, 'A12': 4, 'A13': 3, 'A14': 4, 'A15': 5, 'A16': 2, 'A17': 4, 'A18': 4, 'A19': 5, 'A20': 2, 'A21': 4, 'A22': 6, 'A23': 5, 'A24': 6, 'A25': 3, 'A26': 4, 'A27': 5, 'A28': 5, 'A29': 8, 'A30': 3, 'A31': 5, 'A32': 5, 'A33': 6, 'A34': 4, 'A35': 3, 'A36': 2, 'A37': 2, 'A38': 1, 'A39': 1, 'A40': 3, 'A41': 3, 'A42': 1, 'A43': 2, 'A44': 4, 'A45': 2, 'A46': 4, 'A47': 1, 'A48': 2, 'A49': 4, 'A50': 5}"
39,73,73000,14200.0,87200.0,"{'A1': 2, 'A2': 3, 'A3': 1, 'A4': 2, 'A5': 3, 'A6': 1, 'A7': 3, 'A8': 3, 'A9': 1, 'A10': 3, 'A11': 4, 'A12': 4, 'A13': 3, 'A14': 4, 'A15': 5, 'A16': 2, 'A17': 4, 'A18': 4, 'A19': 5, 'A20': 2, 'A21': 4, 'A22': 6, 'A23': 5, 'A24': 6, 'A25': 3, 'A26': 4, 'A27': 5, 'A28': 5, 'A29': 8, 'A30': 3, 'A31': 5, 'A32': 5, 'A33': 6, 'A34': 4, 'A35': 3, 'A36': 2, 'A37': 2, 'A38': 1, 'A39': 1, 'A40': 3, 'A41': 3, 'A42': 1, 'A43': 2, 'A44': 4, 'A45': 1, 'A46': 4, 'A47': 1, 'A48': 2, 'A49': 4, 'A50': 5}"
